机构名称,类别,省,市,区县,详细地址,机构电话,机构邮箱,官网,联系人姓名,联系人职务,联系人电话,联系方式状态,来源链接,采集日期,备注
张家港市社会福利服务中心,养老院,江苏省,苏州市,张家港市,张家港市杨舍镇长兴中路1号,0512-58111516,未获取,未获取,未获取,未获取,未获取,已获取,https://www.suzhou.gov.cn/szsrmzf/gzjzec/202605/5c47d921d2304f668893dbd959d59136.shtml,2026-07-27,床位650张
张家港市杨舍镇老年服务中心,养老院,江苏省,苏州市,张家港市,张家港市杨舍镇人民西路366号,0512-58581731,未获取,未获取,未获取,未获取,未获取,已获取,https://www.suzhou.gov.cn/szsrmzf/gzjzec/202605/5c47d921d2304f668893dbd959d59136.shtml,2026-07-27,床位300张
江苏澳洋优居壹佰养老产业有限公司（如意家院）,养老院,江苏省,苏州市,张家港市,张家港市杨舍镇农联路9号,0512-58309999,未获取,未获取,未获取,未获取,未获取,已获取,https://www.suzhou.gov.cn/szsrmzf/gzjzec/202605/5c47d921d2304f668893dbd959d59136.shtml,2026-07-27,床位1012张
江苏澳洋优居壹佰养老产业有限公司（吉祥家院）,养老院,江苏省,苏州市,张家港市,张家港市杨舍镇暨阳湖大道10号,0512-56996700,未获取,未获取,未获取,未获取,未获取,已获取,https://www.suzhou.gov.cn/szsrmzf/gzjzec/202605/5c47d921d2304f668893dbd959d59136.shtml,2026-07-27,床位769张
张家港澳洋护理院有限公司,护理院,江苏省,苏州市,张家港市,张家港市杨舍镇暨阳湖大道10号,15151589322,未获取,未获取,未获取,未获取,未获取,已获取,https://www.suzhou.gov.cn/szsrmzf/gzjzec/202605/5c47d921d2304f668893dbd959d59136.shtml,2026-07-27,床位556张
张家港市杨舍镇宏景苑老年公寓,养老院,江苏省,苏州市,张家港市,张家港市杨舍镇新乘花苑38幢,13962568665,未获取,未获取,未获取,未获取,未获取,已获取,https://www.suzhou.gov.cn/szsrmzf/gzjzec/202605/5c47d921d2304f668893dbd959d59136.shtml,2026-07-27,床位120张
张家港保税区颐沁苑,养老院,江苏省,苏州市,张家港市,张家港市后塍街道澄杨路1号,13862213203,未获取,未获取,未获取,未获取,未获取,已获取,https://www.suzhou.gov.cn/szsrmzf/gzjzec/202605/5c47d921d2304f668893dbd959d59136.shtml,2026-07-27,床位264张
张家港市金港镇华青老年公寓,养老院,江苏省,苏州市,张家港市,张家港市金港街道蟠港南路123号,19951191019,未获取,未获取,未获取,未获取,未获取,已获取,https://www.suzhou.gov.cn/szsrmzf/gzjzec/202605/5c47d921d2304f668893dbd959d59136.shtml,2026-07-27,床位300张
张家港市锦丰镇社会福利服务中心,养老院,江苏省,苏州市,张家港市,张家港市锦丰镇粮库路2号,13952443020,未获取,未获取,未获取,未获取,未获取,已获取,https://www.suzhou.gov.cn/szsrmzf/gzjzec/202605/5c47d921d2304f668893dbd959d59136.shtml,2026-07-27,床位350张
张家港市锦丰镇锦虹老年公寓,养老院,江苏省,苏州市,张家港市,张家港市锦丰镇红光片16组,13004536577,未获取,未获取,未获取,未获取,未获取,已获取,https://www.suzhou.gov.cn/szsrmzf/gzjzec/202605/5c47d921d2304f668893dbd959d59136.shtml,2026-07-27,床位120张
张家港市康馨老年公寓有限公司,养老院,江苏省,苏州市,张家港市,张家港市锦丰镇三兴办事处沿江公路30号,18962220257,未获取,未获取,未获取,未获取,未获取,已获取,https://www.suzhou.gov.cn/szsrmzf/gzjzec/202605/5c47d921d2304f668893dbd959d59136.shtml,2026-07-27,床位80张
张家港市锦丰镇三兴静玉老年公寓,养老院,江苏省,苏州市,张家港市,张家港市锦丰镇十一圩港村务本片第二组105号,13606221736,未获取,未获取,未获取,未获取,未获取,已获取,https://www.suzhou.gov.cn/szsrmzf/gzjzec/202605/5c47d921d2304f668893dbd959d59136.shtml,2026-07-27,床位100张
张家港市合兴老年公寓,养老院,江苏省,苏州市,张家港市,张家港市锦丰镇合兴华山路391号,18021231282,未获取,未获取,未获取,未获取,未获取,已获取,https://www.suzhou.gov.cn/szsrmzf/gzjzec/202605/5c47d921d2304f668893dbd959d59136.shtml,2026-07-27,床位632张
张家港市塘桥社会福利服务中心,养老院,江苏省,苏州市,张家港市,张家港市塘桥镇人民东路15号,18013619880,未获取,未获取,未获取,未获取,未获取,已获取,https://www.suzhou.gov.cn/szsrmzf/gzjzec/202605/5c47d921d2304f668893dbd959d59136.shtml,2026-07-27,床位300张
张家港市凤凰镇社会福利服务中心,养老院,江苏省,苏州市,张家港市,张家港市凤凰镇府前街10号,17768099843,未获取,未获取,未获取,未获取,未获取,已获取,https://www.suzhou.gov.cn/szsrmzf/gzjzec/202605/5c47d921d2304f668893dbd959d59136.shtml,2026-07-27,床位300张
张家港市乐余镇社会福利中心,养老院,江苏省,苏州市,张家港市,张家港市乐余镇东环路22号,13962265588,未获取,未获取,未获取,未获取,未获取,已获取,https://www.suzhou.gov.cn/szsrmzf/gzjzec/202605/5c47d921d2304f668893dbd959d59136.shtml,2026-07-27,床位220张
张家港市南丰镇南山老年公寓,养老院,江苏省,苏州市,张家港市,张家港市南丰镇民丰南路66号,17701563968,未获取,未获取,未获取,未获取,未获取,已获取,https://www.suzhou.gov.cn/szsrmzf/gzjzec/202605/5c47d921d2304f668893dbd959d59136.shtml,2026-07-27,床位248张
张家港市大新镇敬老院,敬老院,江苏省,苏州市,张家港市,张家港市大新镇平北路6号,13771976372,未获取,未获取,未获取,未获取,未获取,已获取,https://www.suzhou.gov.cn/szsrmzf/gzjzec/202605/5c47d921d2304f668893dbd959d59136.shtml,2026-07-27,床位196张
张家港市大新镇祥和老年公寓,养老院,江苏省,苏州市,张家港市,张家港市大新镇中山村第五组203,15962399008,未获取,未获取,未获取,未获取,未获取,已获取,https://www.suzhou.gov.cn/szsrmzf/gzjzec/202605/5c47d921d2304f668893dbd959d59136.shtml,2026-07-27,床位170张
张家港市桥头养老院有限公司,养老院,江苏省,苏州市,张家港市,张家港市大新镇桥头村港丰公路北（原桥头小学）,15206200290,未获取,未获取,未获取,未获取,未获取,已获取,https://www.suzhou.gov.cn/szsrmzf/gzjzec/202605/5c47d921d2304f668893dbd959d59136.shtml,2026-07-27,床位200张
昆山市福利院,养老院,江苏省,苏州市,昆山市,昆山市周市镇康景路186号,0512-57571252,未获取,未获取,未获取,未获取,未获取,已获取,https://www.suzhou.gov.cn/szsrmzf/gzjzec/202502/e16e65c0edc748afae0a858a3071d290.shtml,2026-07-27,
昆山市玉山福利院,养老院,江苏省,苏州市,昆山市,昆山市玉山镇林荫路899号,0512-57930837,未获取,未获取,未获取,未获取,未获取,已获取,https://www.suzhou.gov.cn/szsrmzf/gzjzec/202502/e16e65c0edc748afae0a858a3071d290.shtml,2026-07-27,
昆山市九如城阳澄湖护理院,护理院,江苏省,苏州市,昆山市,昆山市巴城镇湖亭路49号,0512-57654080,未获取,未获取,未获取,未获取,未获取,已获取,https://www.suzhou.gov.cn/szsrmzf/gzjzec/202502/e16e65c0edc748afae0a858a3071d290.shtml,2026-07-27,
昆山市周庄镇福利院,养老院,江苏省,苏州市,昆山市,昆山市周庄镇锦周公路288号,0512-83519567,未获取,未获取,未获取,未获取,未获取,已获取,https://www.suzhou.gov.cn/szsrmzf/gzjzec/202502/e16e65c0edc748afae0a858a3071d290.shtml,2026-07-27,
昆山盛爱护理院,护理院,江苏省,苏州市,昆山市,昆山市望山北路8号,0512-57761828,未获取,未获取,未获取,未获取,未获取,已获取,https://www.suzhou.gov.cn/szsrmzf/gzjzec/202502/e16e65c0edc748afae0a858a3071d290.shtml,2026-07-27,
昆山康仁护理院,护理院,江苏省,苏州市,昆山市,昆山市开发区吴淞江北路6号,0512-57013688,未获取,未获取,未获取,未获取,未获取,已获取,https://www.suzhou.gov.cn/szsrmzf/gzjzec/202502/e16e65c0edc748afae0a858a3071d290.shtml,2026-07-27,
昆山玉诚护理院,护理院,江苏省,苏州市,昆山市,昆山市玉山镇林荫路899号,0512-57176200,未获取,未获取,未获取,未获取,未获取,已获取,https://www.suzhou.gov.cn/szsrmzf/gzjzec/202502/e16e65c0edc748afae0a858a3071d290.shtml,2026-07-27,
苏州市九如城淀山湖护理院,护理院,江苏省,苏州市,昆山市,昆山市淀山湖镇振淀路188号2号房,0512-36603036,未获取,未获取,未获取,未获取,未获取,已获取,https://www.suzhou.gov.cn/szsrmzf/gzjzec/202502/e16e65c0edc748afae0a858a3071d290.shtml,2026-07-27,
昆山春晖护理院,护理院,江苏省,苏州市,昆山市,昆山市玉山镇城北青秀路140号,0512-50150899,未获取,未获取,未获取,未获取,未获取,已获取,https://www.suzhou.gov.cn/szsrmzf/gzjzec/202502/e16e65c0edc748afae0a858a3071d290.shtml,2026-07-27,
昆山乐佳护理院,护理院,江苏省,苏州市,昆山市,昆山市陆家镇孔巷东路9号,0512-57286102,未获取,未获取,未获取,未获取,未获取,已获取,https://www.suzhou.gov.cn/szsrmzf/gzjzec/202502/e16e65c0edc748afae0a858a3071d290.shtml,2026-07-27,
昆山市花桥经济技术开发区福利院,养老院,江苏省,苏州市,昆山市,昆山市花桥镇黎明路58号,0512-57691180,未获取,未获取,未获取,未获取,未获取,已获取,https://www.suzhou.gov.cn/szsrmzf/gzjzec/202502/e16e65c0edc748afae0a858a3071d290.shtml,2026-07-27,
昆山市兰沁护理院,护理院,江苏省,苏州市,昆山市,昆山市周市镇长江北路568号,0512-50586111,未获取,未获取,未获取,未获取,未获取,已获取,https://www.suzhou.gov.cn/szsrmzf/gzjzec/202502/e16e65c0edc748afae0a858a3071d290.shtml,2026-07-27,
昆山市尊荣养老服务有限公司,养老院,江苏省,苏州市,昆山市,昆山市玉山镇昆城奥苑26号,0512-55132532,未获取,未获取,未获取,未获取,未获取,已获取,https://www.suzhou.gov.cn/szsrmzf/gzjzec/202502/e16e65c0edc748afae0a858a3071d290.shtml,2026-07-27,
九如城周市养护院,养老院,江苏省,苏州市,昆山市,昆山市周市镇海鹏路188号,0512-57880555,未获取,未获取,未获取,未获取,未获取,已获取,https://www.suzhou.gov.cn/szsrmzf/gzjzec/202502/e16e65c0edc748afae0a858a3071d290.shtml,2026-07-27,
昆山市开发区九如城护理院,护理院,江苏省,苏州市,昆山市,昆山市开发区富春江路1号,0512-57315952,未获取,未获取,未获取,未获取,未获取,已获取,https://www.suzhou.gov.cn/szsrmzf/gzjzec/202502/e16e65c0edc748afae0a858a3071d290.shtml,2026-07-27,
昆山仁怡护理院,护理院,江苏省,苏州市,昆山市,昆山市柏庐中路42号底楼南侧1-5间,0512-50329838,未获取,未获取,未获取,未获取,未获取,已获取,https://www.suzhou.gov.cn/szsrmzf/gzjzec/202502/e16e65c0edc748afae0a858a3071d290.shtml,2026-07-27,
昆山千灯九如城护理院,护理院,江苏省,苏州市,昆山市,昆山市千灯镇故居路199号,0512-87230603,未获取,未获取,未获取,未获取,未获取,已获取,https://www.suzhou.gov.cn/szsrmzf/gzjzec/202502/e16e65c0edc748afae0a858a3071d290.shtml,2026-07-27,
昆山寿鸿苑护理院有限公司,护理院,江苏省,苏州市,昆山市,昆山市周市镇翠薇东路516号,0512-50325003,未获取,未获取,未获取,未获取,未获取,已获取,https://www.suzhou.gov.cn/szsrmzf/gzjzec/202502/e16e65c0edc748afae0a858a3071d290.shtml,2026-07-27,
天伦健康养老产业发展（昆山）有限公司,养老院,江苏省,苏州市,昆山市,昆山市张浦镇圣陶路1358号,0512-87230380,未获取,未获取,未获取,未获取,未获取,已获取,https://www.suzhou.gov.cn/szsrmzf/gzjzec/202502/e16e65c0edc748afae0a858a3071d290.shtml,2026-07-27,
吴江区滨湖乐龄公寓（苏州市吴江区恬愉乐龄养老服务中心）,养老院,江苏省,苏州市,吴江区,松陵街道苏州河路899号,18962573308,未获取,未获取,未获取,未获取,未获取,已获取,http://minzhengju.suzhou.gov.cn/mzj/jgmd/202012/55a805e641264d2e98b0081c8d8bb4d8.shtml,2026-07-27,来源：苏州市民政局夜间照护名单(2020-12)
苏州吴江恬愉护理院,护理院,江苏省,苏州市,吴江区,松陵街道苏州河路899号,15365312657,未获取,未获取,未获取,未获取,未获取,已获取,http://minzhengju.suzhou.gov.cn/mzj/jgmd/202012/55a805e641264d2e98b0081c8d8bb4d8.shtml,2026-07-27,来源：苏州市民政局夜间照护名单(2020-12); 公办民营;医养结合;长护险定点;内设医疗机构;城区;喘息服务;日托服务
苏州永鼎护理院,护理院,江苏省,苏州市,吴江区,松陵街道高新路北侧,13375160008,未获取,未获取,未获取,未获取,未获取,已获取,http://minzhengju.suzhou.gov.cn/mzj/jgmd/202012/55a805e641264d2e98b0081c8d8bb4d8.shtml,2026-07-27,来源：苏州市民政局夜间照护名单(2020-12)
苏州久久春晖养老服务有限公司,社区居家养老,江苏省,苏州市,吴江区,松陵街道鲈乡南路2277号4楼,13033503311,未获取,未获取,未获取,未获取,未获取,已获取,http://minzhengju.suzhou.gov.cn/mzj/jgmd/202012/55a805e641264d2e98b0081c8d8bb4d8.shtml,2026-07-27,来源：苏州市民政局夜间照护名单(2020-12)
苏州普康智慧养老产业科技有限公司,社区居家养老,江苏省,苏州市,吴江区,七都镇吴越南路西侧,13962114111,未获取,未获取,未获取,未获取,未获取,已获取,http://minzhengju.suzhou.gov.cn/mzj/jgmd/202012/55a805e641264d2e98b0081c8d8bb4d8.shtml,2026-07-27,来源：苏州市民政局夜间照护名单(2020-12)
苏州市安尔康居家护理有限公司,社区居家养老,江苏省,苏州市,吴江区,吴中区枫津南路6号,18915550109,未获取,未获取,未获取,未获取,未获取,已获取,http://minzhengju.suzhou.gov.cn/mzj/jgmd/202012/55a805e641264d2e98b0081c8d8bb4d8.shtml,2026-07-27,来源：苏州市民政局夜间照护名单(2020-12)
苏州汇爱老年服务有限公司,社区居家养老,江苏省,苏州市,吴江区,江陵街道云梨路南侧699号领袖云谷20幢09-302室,18862107039,未获取,未获取,未获取,未获取,未获取,已获取,http://minzhengju.suzhou.gov.cn/mzj/jgmd/202012/55a805e641264d2e98b0081c8d8bb4d8.shtml,2026-07-27,来源：苏州市民政局夜间照护名单(2020-12)
苏州洁福家政服务有限公司,社区居家养老,江苏省,苏州市,吴江区,盛泽镇国贸中心19幢6楼,13915448712,未获取,未获取,未获取,未获取,未获取,已获取,http://minzhengju.suzhou.gov.cn/mzj/jgmd/202012/55a805e641264d2e98b0081c8d8bb4d8.shtml,2026-07-27,来源：苏州市民政局夜间照护名单(2020-12)
苏州颐家养老服务中心,社区居家养老,江苏省,苏州市,吴中区,吴中区龙西路257号,0512-65684395,未获取,未获取,未获取,未获取,未获取,已获取,http://minzhengju.suzhou.gov.cn/mzj/jgmd/202012/55a805e641264d2e98b0081c8d8bb4d8.shtml,2026-07-27,来源：苏州市民政局夜间照护名单(2020-12)
苏州市吴中区爱暮家居家养老服务社,社区居家养老,江苏省,苏州市,吴中区,苏州市吴中区迎春路402号,0512-65834752,未获取,未获取,未获取,未获取,未获取,已获取,http://minzhengju.suzhou.gov.cn/mzj/jgmd/202012/55a805e641264d2e98b0081c8d8bb4d8.shtml,2026-07-27,来源：苏州市民政局夜间照护名单(2020-12)
苏州高新区(虎丘区)久泽养老服务中心,社区居家养老,江苏省,苏州市,虎丘区,新区狮山便民服务中心9楼911办公室,18051107885,未获取,未获取,未获取,未获取,未获取,已获取,http://minzhengju.suzhou.gov.cn/mzj/jgmd/202012/55a805e641264d2e98b0081c8d8bb4d8.shtml,2026-07-27,来源：苏州市民政局夜间照护名单(2020-12)
苏州福寿康康贤护理站,护理院,江苏省,苏州市,吴中区,吴中区城南街道枫津路137-1号,0512-67862690,未获取,未获取,未获取,未获取,未获取,已获取,http://minzhengju.suzhou.gov.cn/mzj/jgmd/202012/55a805e641264d2e98b0081c8d8bb4d8.shtml,2026-07-27,来源：苏州市民政局夜间照护名单(2020-12)
苏州瑞颐护理院,护理院,江苏省,苏州市,吴中区,苏州市吴中区吴中大道1190号,0512-66580597,未获取,未获取,未获取,未获取,未获取,已获取,http://minzhengju.suzhou.gov.cn/mzj/jgmd/202012/55a805e641264d2e98b0081c8d8bb4d8.shtml,2026-07-27,来源：苏州市民政局夜间照护名单(2020-12); 民办;医养结合;长护险定点;与医疗机构签约合作;城区
苏州颐和家园护理院,护理院,江苏省,苏州市,吴中区,吴中区东吴南路153号,0512-86661119,未获取,未获取,未获取,未获取,未获取,已获取,http://minzhengju.suzhou.gov.cn/mzj/jgmd/202012/55a805e641264d2e98b0081c8d8bb4d8.shtml,2026-07-27,来源：苏州市民政局夜间照护名单(2020-12); 民办;医养结合;长护险定点;内设医疗机构;与医疗机构签约合作;城区;喘息服务;日托服务
苏州市吴中区爱心老年公寓,养老院,江苏省,苏州市,吴中区,苏州市吴中区金庭镇金庭路100号,0512-66271857,未获取,未获取,未获取,未获取,未获取,已获取,http://minzhengju.suzhou.gov.cn/mzj/jgmd/202012/55a805e641264d2e98b0081c8d8bb4d8.shtml,2026-07-27,来源：苏州市民政局夜间照护名单(2020-12)
苏州福海护理院有限公司,护理院,江苏省,苏州市,吴中区,吴中区宝带西路4789号,0512-83957999,未获取,未获取,未获取,未获取,未获取,已获取,http://minzhengju.suzhou.gov.cn/mzj/jgmd/202012/55a805e641264d2e98b0081c8d8bb4d8.shtml,2026-07-27,来源：苏州市民政局夜间照护名单(2020-12)
苏州市吴中区居家福养老服务中心,社区居家养老,江苏省,苏州市,吴中区,吴中区宝带西路111号城龙大厦五楼,0512-65169078,未获取,未获取,未获取,未获取,未获取,已获取,http://minzhengju.suzhou.gov.cn/mzj/jgmd/202012/55a805e641264d2e98b0081c8d8bb4d8.shtml,2026-07-27,来源：苏州市民政局夜间照护名单(2020-12)
苏州煜康护理院管理有限公司,护理院,江苏省,苏州市,吴中区,吴中区光福镇锡湖路1号,0512-66951087,未获取,未获取,未获取,未获取,未获取,已获取,http://minzhengju.suzhou.gov.cn/mzj/jgmd/202012/55a805e641264d2e98b0081c8d8bb4d8.shtml,2026-07-27,来源：苏州市民政局夜间照护名单(2020-12)
苏州互联金秋健康管理有限公司,社区居家养老,江苏省,苏州市,相城区,苏州市相城区元和街道采莲路1539号,13915330337,未获取,未获取,未获取,未获取,未获取,已获取,http://minzhengju.suzhou.gov.cn/mzj/jgmd/202012/55a805e641264d2e98b0081c8d8bb4d8.shtml,2026-07-27,来源：苏州市民政局夜间照护名单(2020-12)
苏州华相护理院有限公司,护理院,江苏省,苏州市,相城区,苏州市相城经济开发区富元路845号,13584809165,未获取,未获取,未获取,未获取,未获取,已获取,http://minzhengju.suzhou.gov.cn/mzj/jgmd/202012/55a805e641264d2e98b0081c8d8bb4d8.shtml,2026-07-27,来源：苏州市民政局夜间照护名单(2020-12)
苏州康宁护理院,护理院,江苏省,苏州市,相城区,苏州市相城区富元路1364-1380号,18601446699,未获取,未获取,未获取,未获取,未获取,已获取,http://minzhengju.suzhou.gov.cn/mzj/jgmd/202012/55a805e641264d2e98b0081c8d8bb4d8.shtml,2026-07-27,来源：苏州市民政局夜间照护名单(2020-12)
苏州市居家乐养老服务管理有限公司,社区居家养老,江苏省,苏州市,相城区,苏州市姑苏区友新路1088号新郭创业大厦2号楼501-1室,0512-65168000,未获取,未获取,未获取,未获取,未获取,已获取,http://minzhengju.suzhou.gov.cn/mzj/jgmd/202012/55a805e641264d2e98b0081c8d8bb4d8.shtml,2026-07-27,来源：苏州市民政局夜间照护名单(2020-12)
苏州灵峰护理院有限公司,护理院,江苏省,苏州市,相城区,苏州市相城区北桥街道灵峰社区聚乐路商贸中心,18151961589,未获取,未获取,未获取,未获取,未获取,已获取,http://minzhengju.suzhou.gov.cn/mzj/jgmd/202012/55a805e641264d2e98b0081c8d8bb4d8.shtml,2026-07-27,来源：苏州市民政局夜间照护名单(2020-12)
苏州市居家乐养老服务管理公司,社区居家养老,江苏省,苏州市,姑苏区,友新路1088号新郭创业大厦2号楼5楼,0512-65168000,未获取,未获取,未获取,未获取,未获取,已获取,http://minzhengju.suzhou.gov.cn/mzj/jgmd/202012/55a805e641264d2e98b0081c8d8bb4d8.shtml,2026-07-27,来源：苏州市民政局夜间照护名单(2020-12)
苏州乐惠居健康管理服务有限公司,社区居家养老,江苏省,苏州市,姑苏区,三香路彩虹新村一区内双虹社区二楼,15051567862,未获取,未获取,未获取,未获取,未获取,已获取,http://minzhengju.suzhou.gov.cn/mzj/jgmd/202012/55a805e641264d2e98b0081c8d8bb4d8.shtml,2026-07-27,来源：苏州市民政局夜间照护名单(2020-12)
苏州市姑苏区颐家为老服务社,社区居家养老,江苏省,苏州市,姑苏区,学士社区二楼金阳光公益坊,18013144749,未获取,未获取,未获取,未获取,未获取,已获取,http://minzhengju.suzhou.gov.cn/mzj/jgmd/202012/55a805e641264d2e98b0081c8d8bb4d8.shtml,2026-07-27,来源：苏州市民政局夜间照护名单(2020-12)
苏州福寿康康贤居家护理有限公司,护理院,江苏省,苏州市,姑苏区,姑苏区平江万达写字楼B座1804室,0512-67705958,未获取,未获取,未获取,未获取,未获取,已获取,http://minzhengju.suzhou.gov.cn/mzj/jgmd/202012/55a805e641264d2e98b0081c8d8bb4d8.shtml,2026-07-27,来源：苏州市民政局夜间照护名单(2020-12)
苏州福元护理院有限公司,护理院,江苏省,苏州市,姑苏区,姑苏区劳动路118号,0512-67663416,未获取,未获取,未获取,未获取,未获取,已获取,http://minzhengju.suzhou.gov.cn/mzj/jgmd/202012/55a805e641264d2e98b0081c8d8bb4d8.shtml,2026-07-27,来源：苏州市民政局夜间照护名单(2020-12)
苏州太阳城护理院,护理院,江苏省,苏州市,姑苏区,苏州市姑苏区,未获取,未获取,未获取,未获取,未获取,未获取,未获取,http://minzhengju.suzhou.gov.cn/mzj/jgmd/202012/55a805e641264d2e98b0081c8d8bb4d8.shtml,2026-07-27,来源：苏州市民政局夜间照护名单(2020-12)
常熟市海阳智慧养老服务中心,社区居家养老,江苏省,苏州市,常熟市,常熟市虞山街道报慈南路14号,13914942960,未获取,未获取,未获取,未获取,未获取,已获取,http://minzhengju.suzhou.gov.cn/mzj/jgmd/202012/55a805e641264d2e98b0081c8d8bb4d8.shtml,2026-07-27,来源：苏州市民政局夜间照护名单(2020-12)
江苏金康信息技术服务有限公司常熟分公司,社区居家养老,江苏省,苏州市,常熟市,常熟市古里镇双港村西双泾路88号,18962489108,未获取,未获取,未获取,未获取,未获取,已获取,http://minzhengju.suzhou.gov.cn/mzj/jgmd/202012/55a805e641264d2e98b0081c8d8bb4d8.shtml,2026-07-27,来源：苏州市民政局夜间照护名单(2020-12)
常熟市人瑞健康管理服务有限公司,社区居家养老,江苏省,苏州市,常熟市,常熟市黄河路240号（常熟市家庭服务业就业创业广场）,18962386560,未获取,未获取,未获取,未获取,未获取,已获取,http://minzhengju.suzhou.gov.cn/mzj/jgmd/202012/55a805e641264d2e98b0081c8d8bb4d8.shtml,2026-07-27,来源：苏州市民政局夜间照护名单(2020-12)
苏州福寿康养老服务有限公司常熟康虞护理站,护理院,江苏省,苏州市,常熟市,常熟市泰安街71号,17051021425,未获取,未获取,未获取,未获取,未获取,已获取,http://minzhengju.suzhou.gov.cn/mzj/jgmd/202012/55a805e641264d2e98b0081c8d8bb4d8.shtml,2026-07-27,来源：苏州市民政局夜间照护名单(2020-12)
常熟善家养老服务有限公司,社区居家养老,江苏省,苏州市,常熟市,常熟市人民路7号,13814861430,未获取,未获取,未获取,未获取,未获取,已获取,http://minzhengju.suzhou.gov.cn/mzj/jgmd/202012/55a805e641264d2e98b0081c8d8bb4d8.shtml,2026-07-27,来源：苏州市民政局夜间照护名单(2020-12)
常熟市虞家居养老服务社,社区居家养老,江苏省,苏州市,常熟市,常熟市菱塘南村43幢,13862259277,未获取,未获取,未获取,未获取,未获取,已获取,http://minzhengju.suzhou.gov.cn/mzj/jgmd/202012/55a805e641264d2e98b0081c8d8bb4d8.shtml,2026-07-27,来源：苏州市民政局夜间照护名单(2020-12)
常熟三谷居家养老服务有限责任公司,社区居家养老,江苏省,苏州市,常熟市,常熟市珠海路2号20幢1914,18261778962,未获取,未获取,未获取,未获取,未获取,已获取,http://minzhengju.suzhou.gov.cn/mzj/jgmd/202012/55a805e641264d2e98b0081c8d8bb4d8.shtml,2026-07-27,来源：苏州市民政局夜间照护名单(2020-12)
常熟市福虞健康养老有限公司常福银龄公寓分公司,护理院,江苏省,苏州市,常熟市,常熟市常福街道黎明东路13号,13739164382,未获取,未获取,未获取,未获取,未获取,已获取,http://minzhengju.suzhou.gov.cn/mzj/jgmd/202012/55a805e641264d2e98b0081c8d8bb4d8.shtml,2026-07-27,来源：苏州市民政局夜间照护名单(2020-12)
常熟古里护理院有限公司,护理院,江苏省,苏州市,常熟市,常熟市古里镇文学街201号,13584848445,未获取,未获取,未获取,未获取,未获取,已获取,http://minzhengju.suzhou.gov.cn/mzj/jgmd/202012/55a805e641264d2e98b0081c8d8bb4d8.shtml,2026-07-27,来源：苏州市民政局夜间照护名单(2020-12)
常熟梅李护理院有限公司,护理院,江苏省,苏州市,常熟市,常熟市梅李镇人民路7号,18001563720,未获取,未获取,未获取,未获取,未获取,已获取,http://minzhengju.suzhou.gov.cn/mzj/jgmd/202012/55a805e641264d2e98b0081c8d8bb4d8.shtml,2026-07-27,来源：苏州市民政局夜间照护名单(2020-12)
太仓善家护理站,护理院,江苏省,苏州市,太仓市,太仓市长春南路190号,0512-65168000,未获取,未获取,未获取,未获取,未获取,已获取,http://minzhengju.suzhou.gov.cn/mzj/jgmd/202012/55a805e641264d2e98b0081c8d8bb4d8.shtml,2026-07-27,来源：苏州市民政局夜间照护名单(2020-12)
太仓市德颐善社会工作发展中心,社区居家养老,江苏省,苏州市,太仓市,太仓市长春南路190号,0512-53637268,未获取,未获取,未获取,未获取,未获取,已获取,http://minzhengju.suzhou.gov.cn/mzj/jgmd/202012/55a805e641264d2e98b0081c8d8bb4d8.shtml,2026-07-27,来源：苏州市民政局夜间照护名单(2020-12)
九如城璜泾护理院,护理院,江苏省,苏州市,太仓市,太仓市璜泾镇园林桥西、荡茜河南,0512-53235839,未获取,未获取,未获取,未获取,未获取,已获取,http://minzhengju.suzhou.gov.cn/mzj/jgmd/202012/55a805e641264d2e98b0081c8d8bb4d8.shtml,2026-07-27,来源：苏州市民政局夜间照护名单(2020-12)
太仓颐悦护理院,护理院,江苏省,苏州市,太仓市,太仓市新华西路58号,0512-33020295,未获取,未获取,未获取,未获取,未获取,已获取,http://minzhengju.suzhou.gov.cn/mzj/jgmd/202012/55a805e641264d2e98b0081c8d8bb4d8.shtml,2026-07-27,来源：苏州市民政局夜间照护名单(2020-12)
太仓元华护理站（友谊医院）,护理院,江苏省,苏州市,太仓市,太仓市东仓南路111号,0512-53565999,未获取,未获取,未获取,未获取,未获取,已获取,http://minzhengju.suzhou.gov.cn/mzj/jgmd/202012/55a805e641264d2e98b0081c8d8bb4d8.shtml,2026-07-27,来源：苏州市民政局夜间照护名单(2020-12)
太仓市源禾社会事务发展服务中心,社区居家养老,江苏省,苏州市,太仓市,太仓市璜泾镇永乐村村委会三楼,0512-53831994,未获取,未获取,未获取,未获取,未获取,已获取,http://minzhengju.suzhou.gov.cn/mzj/jgmd/202012/55a805e641264d2e98b0081c8d8bb4d8.shtml,2026-07-27,来源：苏州市民政局夜间照护名单(2020-12)
太仓娄医护理站,护理院,江苏省,苏州市,太仓市,太仓市上海东路199号,0512-53835552,未获取,未获取,未获取,未获取,未获取,已获取,http://minzhengju.suzhou.gov.cn/mzj/jgmd/202012/55a805e641264d2e98b0081c8d8bb4d8.shtml,2026-07-27,来源：苏州市民政局夜间照护名单(2020-12)
太仓半泾护理站,护理院,江苏省,苏州市,太仓市,太仓市沙溪镇半泾村日间照料中心内,13913781881,未获取,未获取,未获取,未获取,未获取,已获取,http://minzhengju.suzhou.gov.cn/mzj/jgmd/202012/55a805e641264d2e98b0081c8d8bb4d8.shtml,2026-07-27,来源：苏州市民政局夜间照护名单(2020-12)
太仓长征医院,护理院,江苏省,苏州市,太仓市,太仓市城厢镇上海西路48号,0512-53186999,未获取,未获取,未获取,未获取,未获取,已获取,http://minzhengju.suzhou.gov.cn/mzj/jgmd/202012/55a805e641264d2e98b0081c8d8bb4d8.shtml,2026-07-27,来源：苏州市民政局夜间照护名单(2020-12)
久龄养老院,养老院,江苏省,苏州市,工业园区,苏州工业园区唯华路18号,0512-62899090,未获取,未获取,未获取,未获取,未获取,已获取,https://ywtk.sipac.gov.cn/scene/careOldScenes/mapList,2026-07-27,来源：苏州工业园区养老场景化地图
久龄护理院,护理院,江苏省,苏州市,工业园区,苏州工业园区唯华路18号,0512-67999090,未获取,未获取,未获取,未获取,未获取,已获取,https://ywtk.sipac.gov.cn/scene/careOldScenes/mapList,2026-07-27,来源：苏州工业园区养老场景化地图
心圆护理院,护理院,江苏省,苏州市,工业园区,苏州工业园区东兴路199号,0512-62922666,未获取,未获取,未获取,未获取,未获取,已获取,https://ywtk.sipac.gov.cn/scene/careOldScenes/mapList,2026-07-27,来源：苏州工业园区养老场景化地图
胜浦街道敬老院,敬老院,江苏省,苏州市,工业园区,苏州工业园区胜浦街道新江路上金苑公寓内4号楼,0512-62912264,未获取,未获取,未获取,未获取,未获取,已获取,https://ywtk.sipac.gov.cn/scene/careOldScenes/mapList,2026-07-27,来源：苏州工业园区养老场景化地图
唯亭敬老院,敬老院,江苏省,苏州市,工业园区,苏州工业园区唯亭街道蠡塘路99号(跨塘社区卫生服务中心内),0512-62744939,未获取,未获取,未获取,未获取,未获取,已获取,https://ywtk.sipac.gov.cn/scene/careOldScenes/mapList,2026-07-27,来源：苏州工业园区养老场景化地图
斜塘街道区域性养老服务中心,养老服务中心,江苏省,苏州市,工业园区,苏州工业园区斜塘街道莲花新村三区,0512-65476936,未获取,未获取,未获取,未获取,未获取,已获取,https://ywtk.sipac.gov.cn/scene/careOldScenes/mapList,2026-07-27,来源：苏州工业园区养老场景化地图
国寿嘉园·雅境,养老院,江苏省,苏州市,工业园区,苏州阳澄湖半岛绿汀路35号,0512-62995519,未获取,未获取,未获取,未获取,未获取,已获取,https://ywtk.sipac.gov.cn/scene/careOldScenes/mapList,2026-07-27,来源：苏州工业园区养老场景化地图
泰康之家·吴园,养老院,江苏省,苏州市,工业园区,苏州市苏州工业园区澄边路8号,0512-62628000,未获取,未获取,未获取,未获取,未获取,已获取,https://ywtk.sipac.gov.cn/scene/careOldScenes/mapList,2026-07-27,来源：苏州工业园区养老场景化地图
苏州工业园区社会福利中心,福利中心,江苏省,苏州市,工业园区,苏州工业园区西上段路80号,0512-66685855,未获取,未获取,未获取,未获取,未获取,已获取,https://ywtk.sipac.gov.cn/scene/careOldScenes/mapList,2026-07-27,来源：苏州工业园区养老场景化地图
苏州欣升护理院,护理院,江苏省,苏州市,吴中区,苏州市吴中区金枫路130号,0512-68057643,未获取,未获取,未获取,未获取,未获取,已获取,http://ybj.suzhou.gov.cn/szybj/chxi/202607/654c6cb000864b5aa8a4c7d93bb1b3bd.shtml,2026-07-27,来源：苏州市医保局长护险住院护理服务机构一览表(2026-07-20)
苏州桃坞护理院,护理院,江苏省,苏州市,姑苏区,苏州市姑苏区廖家巷27号,0512-67571575,未获取,未获取,未获取,未获取,未获取,已获取,http://ybj.suzhou.gov.cn/szybj/chxi/202607/654c6cb000864b5aa8a4c7d93bb1b3bd.shtml,2026-07-27,来源：苏州市医保局长护险住院护理服务机构一览表(2026-07-20)
苏州欣康护理院,护理院,江苏省,苏州市,吴中区,苏州市吴中区木渎镇灵天路587号1幢,0512-66535328,未获取,未获取,未获取,未获取,未获取,已获取,http://ybj.suzhou.gov.cn/szybj/chxi/202607/654c6cb000864b5aa8a4c7d93bb1b3bd.shtml,2026-07-27,来源：苏州市医保局长护险住院护理服务机构一览表(2026-07-20)
苏州慈乐圆护理院,护理院,江苏省,苏州市,姑苏区,苏州市莫邪路1288号,0512-67666318,未获取,未获取,未获取,未获取,未获取,已获取,http://ybj.suzhou.gov.cn/szybj/chxi/202607/654c6cb000864b5aa8a4c7d93bb1b3bd.shtml,2026-07-27,来源：苏州市医保局长护险住院护理服务机构一览表(2026-07-20)
苏州仁家护理院,护理院,江苏省,苏州市,吴中区,苏州市吴中区水香街226号,0512-82287811,未获取,未获取,未获取,未获取,未获取,已获取,http://ybj.suzhou.gov.cn/szybj/chxi/202607/654c6cb000864b5aa8a4c7d93bb1b3bd.shtml,2026-07-27,来源：苏州市医保局长护险住院护理服务机构一览表(2026-07-20)
苏州华馨护理院,护理院,江苏省,苏州市,虎丘区,苏州市高新区师图街15号,0512-68801010,未获取,未获取,未获取,未获取,未获取,已获取,http://ybj.suzhou.gov.cn/szybj/chxi/202607/654c6cb000864b5aa8a4c7d93bb1b3bd.shtml,2026-07-27,来源：苏州市医保局长护险住院护理服务机构一览表(2026-07-20)
苏州申丞护理院,护理院,江苏省,苏州市,姑苏区,苏州市南环西路65号,0512-67865100,未获取,未获取,未获取,未获取,未获取,已获取,http://ybj.suzhou.gov.cn/szybj/chxi/202607/654c6cb000864b5aa8a4c7d93bb1b3bd.shtml,2026-07-27,来源：苏州市医保局长护险住院护理服务机构一览表(2026-07-20)
苏州福星护理院,护理院,江苏省,苏州市,姑苏区,苏州市宝带西路1108号,0512-67860656,未获取,未获取,未获取,未获取,未获取,已获取,http://ybj.suzhou.gov.cn/szybj/chxi/202607/654c6cb000864b5aa8a4c7d93bb1b3bd.shtml,2026-07-27,来源：苏州市医保局长护险住院护理服务机构一览表(2026-07-20)
苏州灵峰护理院,护理院,江苏省,苏州市,相城区,苏州市相城区北桥街道姚浜路7号3幢,0512-65419488,未获取,未获取,未获取,未获取,未获取,已获取,http://ybj.suzhou.gov.cn/szybj/chxi/202607/654c6cb000864b5aa8a4c7d93bb1b3bd.shtml,2026-07-27,来源：苏州市医保局长护险住院护理服务机构一览表(2026-07-20)
苏州心圆护理院,护理院,江苏省,苏州市,工业园区,苏州工业园区星红路199号（配套服务中心内）,0512-85553560,未获取,未获取,未获取,未获取,未获取,已获取,http://ybj.suzhou.gov.cn/szybj/chxi/202607/654c6cb000864b5aa8a4c7d93bb1b3bd.shtml,2026-07-27,来源：苏州市医保局长护险住院护理服务机构一览表(2026-07-20)
苏州夕阳红护理院,护理院,江苏省,苏州市,姑苏区,苏州市姑苏区北环西路2058号,0512-65567682,未获取,未获取,未获取,未获取,未获取,已获取,http://ybj.suzhou.gov.cn/szybj/chxi/202607/654c6cb000864b5aa8a4c7d93bb1b3bd.shtml,2026-07-27,来源：苏州市医保局长护险住院护理服务机构一览表(2026-07-20)
苏州和源护理院,护理院,江苏省,苏州市,吴中区,苏州市吴中区龙西路257号,0512-65682198,未获取,未获取,未获取,未获取,未获取,已获取,http://ybj.suzhou.gov.cn/szybj/chxi/202607/654c6cb000864b5aa8a4c7d93bb1b3bd.shtml,2026-07-27,来源：苏州市医保局长护险住院护理服务机构一览表(2026-07-20)
苏州福海护理院,护理院,江苏省,苏州市,吴中区,苏州市吴中区木渎镇宝带西路4789号,0512-83957999,未获取,未获取,未获取,未获取,未获取,已获取,http://ybj.suzhou.gov.cn/szybj/chxi/202607/654c6cb000864b5aa8a4c7d93bb1b3bd.shtml,2026-07-27,来源：苏州市医保局长护险住院护理服务机构一览表(2026-07-20)
苏州福元护理院,护理院,江苏省,苏州市,姑苏区,苏州市姑苏区劳动路118号,0512-67663416,未获取,未获取,未获取,未获取,未获取,已获取,http://ybj.suzhou.gov.cn/szybj/chxi/202607/654c6cb000864b5aa8a4c7d93bb1b3bd.shtml,2026-07-27,来源：苏州市医保局长护险住院护理服务机构一览表(2026-07-20)
苏州高新区阳山护理院,护理院,江苏省,苏州市,虎丘区,浒墅关开发区石林村阳山环路9号,0512-66671780,未获取,未获取,未获取,未获取,未获取,已获取,http://ybj.suzhou.gov.cn/szybj/chxi/202607/654c6cb000864b5aa8a4c7d93bb1b3bd.shtml,2026-07-27,来源：苏州市医保局长护险住院护理服务机构一览表(2026-07-20)
苏州高新区老年康复医院,康复医院,江苏省,苏州市,虎丘区,苏州高新区青石路2号,0512-68232439,未获取,未获取,未获取,未获取,未获取,已获取,http://ybj.suzhou.gov.cn/szybj/chxi/202607/654c6cb000864b5aa8a4c7d93bb1b3bd.shtml,2026-07-27,来源：苏州市医保局长护险住院护理服务机构一览表(2026-07-20)
苏州市相城区望亭镇御亭家园护理院,护理院,江苏省,苏州市,相城区,望亭镇人民街28号,0512-66705220,未获取,未获取,未获取,未获取,未获取,已获取,http://ybj.suzhou.gov.cn/szybj/chxi/202607/654c6cb000864b5aa8a4c7d93bb1b3bd.shtml,2026-07-27,来源：苏州市医保局长护险住院护理服务机构一览表(2026-07-20)
苏州天易西园护理院,护理院,江苏省,苏州市,姑苏区,苏州市姑苏区西园路171号,0512-65198666,未获取,未获取,未获取,未获取,未获取,已获取,http://ybj.suzhou.gov.cn/szybj/chxi/202607/654c6cb000864b5aa8a4c7d93bb1b3bd.shtml,2026-07-27,来源：苏州市医保局长护险住院护理服务机构一览表(2026-07-20)
苏州兴卫护理院,护理院,江苏省,苏州市,虎丘区,苏州市高新区滨河路906号,0512-68077452,未获取,未获取,未获取,未获取,未获取,已获取,http://ybj.suzhou.gov.cn/szybj/chxi/202607/654c6cb000864b5aa8a4c7d93bb1b3bd.shtml,2026-07-27,来源：苏州市医保局长护险住院护理服务机构一览表(2026-07-20)
苏州天易护理院,护理院,江苏省,苏州市,姑苏区,苏州市泰南路169号,0512-67877889,未获取,未获取,未获取,未获取,未获取,已获取,http://ybj.suzhou.gov.cn/szybj/chxi/202607/654c6cb000864b5aa8a4c7d93bb1b3bd.shtml,2026-07-27,来源：苏州市医保局长护险住院护理服务机构一览表(2026-07-20)
苏州爱心护理院,护理院,江苏省,苏州市,吴中区,苏州市吴中开发区龙翔路369号,0512-66570560,未获取,未获取,未获取,未获取,未获取,已获取,http://ybj.suzhou.gov.cn/szybj/chxi/202607/654c6cb000864b5aa8a4c7d93bb1b3bd.shtml,2026-07-27,来源：苏州市医保局长护险住院护理服务机构一览表(2026-07-20); 民办;医养结合;长护险定点;内设医疗机构;与医疗机构签约合作;城区;喘息服务;日托服务
苏州康乐护理院,护理院,江苏省,苏州市,姑苏区,苏州市姑苏区玻纤路93号7号楼和6号楼,0512-65562216,未获取,未获取,未获取,未获取,未获取,已获取,http://ybj.suzhou.gov.cn/szybj/chxi/202607/654c6cb000864b5aa8a4c7d93bb1b3bd.shtml,2026-07-27,来源：苏州市医保局长护险住院护理服务机构一览表(2026-07-20); 民办;医养结合;长护险定点;内设医疗机构;与医疗机构签约合作;城区;喘息服务
苏州康佳乐护理院,护理院,江苏省,苏州市,吴中区,苏州市吴中区东吴北路146号,0512-66351957,未获取,未获取,未获取,未获取,未获取,已获取,http://ybj.suzhou.gov.cn/szybj/chxi/202607/654c6cb000864b5aa8a4c7d93bb1b3bd.shtml,2026-07-27,来源：苏州市医保局长护险住院护理服务机构一览表(2026-07-20)
苏州幸福护理院,护理院,江苏省,苏州市,吴中区,苏州市吴中经济开发区城南街道田上江路88号,0512-66356966,未获取,未获取,未获取,未获取,未获取,已获取,http://ybj.suzhou.gov.cn/szybj/chxi/202607/654c6cb000864b5aa8a4c7d93bb1b3bd.shtml,2026-07-27,来源：苏州市医保局长护险住院护理服务机构一览表(2026-07-20); 公建民营;医养结合;长护险定点;内设医疗机构;与医疗机构签约合作;日托服务
苏州苏高新怡养通安护理院,护理院,江苏省,苏州市,虎丘区,苏州高新区真山路172号,0512-66077011,未获取,未获取,未获取,未获取,未获取,已获取,http://ybj.suzhou.gov.cn/szybj/chxi/202607/654c6cb000864b5aa8a4c7d93bb1b3bd.shtml,2026-07-27,来源：苏州市医保局长护险住院护理服务机构一览表(2026-07-20)
苏州工业园区久龄护理院,护理院,江苏省,苏州市,工业园区,苏州工业园区唯华路18号,0512-67999090,未获取,未获取,未获取,未获取,未获取,已获取,http://ybj.suzhou.gov.cn/szybj/chxi/202607/654c6cb000864b5aa8a4c7d93bb1b3bd.shtml,2026-07-27,来源：苏州市医保局长护险住院护理服务机构一览表(2026-07-20)
苏州阳光护理院,护理院,江苏省,苏州市,姑苏区,苏州市姑苏区南环西路1256号,0512-80686380,未获取,未获取,未获取,未获取,未获取,已获取,http://ybj.suzhou.gov.cn/szybj/chxi/202607/654c6cb000864b5aa8a4c7d93bb1b3bd.shtml,2026-07-27,来源：苏州市医保局长护险住院护理服务机构一览表(2026-07-20)
苏州市怡养护理院,护理院,江苏省,苏州市,虎丘区,苏州市高新区渔洋街7号,0512-67377156,未获取,未获取,未获取,未获取,未获取,已获取,http://ybj.suzhou.gov.cn/szybj/chxi/202607/654c6cb000864b5aa8a4c7d93bb1b3bd.shtml,2026-07-27,来源：苏州市医保局长护险住院护理服务机构一览表(2026-07-20)
苏州市相城区渭塘护理院,护理院,江苏省,苏州市,相城区,苏州市相城区渭塘镇北雪泾路99号,0512-66103558,未获取,未获取,未获取,未获取,未获取,已获取,http://ybj.suzhou.gov.cn/szybj/chxi/202607/654c6cb000864b5aa8a4c7d93bb1b3bd.shtml,2026-07-27,来源：苏州市医保局长护险住院护理服务机构一览表(2026-07-20)
苏州颐康护理院,护理院,江苏省,苏州市,姑苏区,苏州市姑苏区双元路111号,0512-68319968,未获取,未获取,未获取,未获取,未获取,已获取,http://ybj.suzhou.gov.cn/szybj/chxi/202607/654c6cb000864b5aa8a4c7d93bb1b3bd.shtml,2026-07-27,来源：苏州市医保局长护险住院护理服务机构一览表(2026-07-20)
苏州椿萱茂登云护理院,护理院,江苏省,苏州市,相城区,苏州市相城经济开发区富元路845号,0512-69393399,未获取,未获取,未获取,未获取,未获取,已获取,http://ybj.suzhou.gov.cn/szybj/chxi/202607/654c6cb000864b5aa8a4c7d93bb1b3bd.shtml,2026-07-27,来源：苏州市医保局长护险住院护理服务机构一览表(2026-07-20)
苏州香雪护理院,护理院,江苏省,苏州市,吴中区,苏州市吴中区光福镇锡湖路1号,0512-66939276,未获取,未获取,未获取,未获取,未获取,已获取,http://ybj.suzhou.gov.cn/szybj/chxi/202607/654c6cb000864b5aa8a4c7d93bb1b3bd.shtml,2026-07-27,来源：苏州市医保局长护险住院护理服务机构一览表(2026-07-20)
苏州椿萱茂颐天护理院,护理院,江苏省,苏州市,虎丘区,苏州市高新区横山路97号,0512-68786199,未获取,未获取,未获取,未获取,未获取,已获取,http://ybj.suzhou.gov.cn/szybj/chxi/202607/654c6cb000864b5aa8a4c7d93bb1b3bd.shtml,2026-07-27,来源：苏州市医保局长护险住院护理服务机构一览表(2026-07-20)
苏州韶华护理院,护理院,江苏省,苏州市,吴中区,苏州市吴中区胥口镇孙武路604号3幢,0512-66585148,未获取,未获取,未获取,未获取,未获取,已获取,http://ybj.suzhou.gov.cn/szybj/chxi/202607/654c6cb000864b5aa8a4c7d93bb1b3bd.shtml,2026-07-27,来源：苏州市医保局长护险住院护理服务机构一览表(2026-07-20)
苏州福相护理院,护理院,江苏省,苏州市,姑苏区,苏州市姑苏区莫邪路1010号,0512-65127166,未获取,未获取,未获取,未获取,未获取,已获取,http://ybj.suzhou.gov.cn/szybj/chxi/202607/654c6cb000864b5aa8a4c7d93bb1b3bd.shtml,2026-07-27,来源：苏州市医保局长护险住院护理服务机构一览表(2026-07-20); 民办;医养结合;内设医疗机构;与医疗机构签约合作;城区;喘息服务;日托服务
苏州瑞颐木渎护理院,护理院,江苏省,苏州市,吴中区,苏州市吴中区木渎镇藏书藏中路1419号北楼1层、2层、3层,0512-83878389,未获取,未获取,未获取,未获取,未获取,已获取,http://ybj.suzhou.gov.cn/szybj/chxi/202607/654c6cb000864b5aa8a4c7d93bb1b3bd.shtml,2026-07-27,来源：苏州市医保局长护险住院护理服务机构一览表(2026-07-20)
苏州海霞港护理院,护理院,江苏省,苏州市,吴中区,苏州市吴中区新蠡路208号,18014910817,未获取,未获取,未获取,未获取,未获取,已获取,http://ybj.suzhou.gov.cn/szybj/chxi/202607/654c6cb000864b5aa8a4c7d93bb1b3bd.shtml,2026-07-27,来源：苏州市医保局长护险住院护理服务机构一览表(2026-07-20)
苏州老年病医院,康复医院,江苏省,苏州市,相城区,苏州市相城区新福路700号,0512-65891602,未获取,未获取,未获取,未获取,未获取,已获取,http://ybj.suzhou.gov.cn/szybj/chxi/202607/654c6cb000864b5aa8a4c7d93bb1b3bd.shtml,2026-07-27,来源：苏州市医保局长护险住院护理服务机构一览表(2026-07-20)
苏州红日养老院有限公司,养老院,江苏省,苏州市,吴中区,苏州吴中区胥口镇孙武路604号3幢,13912644692,未获取,未获取,未获取,未获取,未获取,已获取,http://ybj.suzhou.gov.cn/szybj/chxi/202607/654c6cb000864b5aa8a4c7d93bb1b3bd.shtml,2026-07-27,来源：苏州市医保局长护险住院护理服务机构一览表(2026-07-20)
泰康之家吴园（苏州）养老服务有限公司,养老院,江苏省,苏州市,工业园区,苏州市工业园区澄边路8号,18015589981,未获取,未获取,未获取,未获取,未获取,已获取,http://ybj.suzhou.gov.cn/szybj/chxi/202607/654c6cb000864b5aa8a4c7d93bb1b3bd.shtml,2026-07-27,来源：苏州市医保局长护险住院护理服务机构一览表(2026-07-20)
苏州悦邻护理院,护理院,江苏省,苏州市,姑苏区,江苏省苏州市姑苏区白洋湾街道白洋街299号,0512-65151000,未获取,未获取,未获取,未获取,未获取,已获取,http://ybj.suzhou.gov.cn/szybj/chxi/202607/654c6cb000864b5aa8a4c7d93bb1b3bd.shtml,2026-07-27,来源：苏州市医保局长护险住院护理服务机构一览表(2026-07-20)
苏州德缘护理院,护理院,江苏省,苏州市,姑苏区,苏州市姑苏区苏站路1788号,18915498718,未获取,未获取,未获取,未获取,未获取,已获取,http://ybj.suzhou.gov.cn/szybj/chxi/202607/654c6cb000864b5aa8a4c7d93bb1b3bd.shtml,2026-07-27,来源：苏州市医保局长护险住院护理服务机构一览表(2026-07-20)
苏州仁优护理院有限公司,护理院,江苏省,苏州市,姑苏区,苏州市姑苏区齐溪街899号2幢、3幢1层111、112、113室,13862067376,未获取,未获取,未获取,未获取,未获取,已获取,http://ybj.suzhou.gov.cn/szybj/chxi/202607/654c6cb000864b5aa8a4c7d93bb1b3bd.shtml,2026-07-27,来源：苏州市医保局长护险住院护理服务机构一览表(2026-07-20)
苏州福惠护理院,护理院,江苏省,苏州市,姑苏区,苏州市三香路161号,15051599847,未获取,未获取,未获取,未获取,未获取,已获取,http://ybj.suzhou.gov.cn/szybj/chxi/202607/654c6cb000864b5aa8a4c7d93bb1b3bd.shtml,2026-07-27,来源：苏州市医保局长护险住院护理服务机构一览表(2026-07-20)
苏州工业园区星海医院,康复医院,江苏省,苏州市,工业园区,苏州工业园区通园路葑春街400号,0512-62525490,未获取,未获取,未获取,未获取,未获取,已获取,http://ybj.suzhou.gov.cn/szybj/chxi/202607/654c6cb000864b5aa8a4c7d93bb1b3bd.shtml,2026-07-27,来源：苏州市医保局长护险住院护理服务机构一览表(2026-07-20)
苏州工业园区园养久龄胜浦护理院,护理院,江苏省,苏州市,工业园区,苏州工业园区沽浦路36号久龄胜浦养护院4层,15306136980,未获取,未获取,未获取,未获取,未获取,已获取,http://ybj.suzhou.gov.cn/szybj/chxi/202607/654c6cb000864b5aa8a4c7d93bb1b3bd.shtml,2026-07-27,来源：苏州市医保局长护险住院护理服务机构一览表(2026-07-20)
苏州市吴中区城区社区卫生服务中心,社区卫生中心,江苏省,苏州市,吴中区,苏州市吴中区长兴街东首,13862420833,未获取,未获取,未获取,未获取,未获取,已获取,http://ybj.suzhou.gov.cn/szybj/chxi/202607/654c6cb000864b5aa8a4c7d93bb1b3bd.shtml,2026-07-27,来源：苏州市医保局长护险住院护理服务机构一览表(2026-07-20)
怡养老年公寓,老年公寓,江苏省,苏州市,虎丘区,高新区真山路172号,4008550290,未获取,未获取,未获取,未获取,未获取,已获取,https://www.baidu.com/s?wd=苏州养老院名录+黄页,2026-07-27,来源：苏康养集团统一咨询热线;百度搜索AI总结
黄桥康养中心,康养中心,江苏省,苏州市,相城区,相城区永方路501号,4008550290,未获取,未获取,未获取,未获取,未获取,已获取,https://www.baidu.com/s?wd=苏州养老院名录+黄页,2026-07-27,来源：苏康养集团统一咨询热线;百度搜索AI总结
美邸照护中心,照护中心,江苏省,苏州市,姑苏区,姑苏区竹辉路383号,4008550290,未获取,未获取,未获取,未获取,未获取,已获取,https://www.baidu.com/s?wd=苏州养老院名录+黄页,2026-07-27,来源：苏康养集团统一咨询热线;百度搜索AI总结
魅力乐园老年公寓,老年公寓,江苏省,苏州市,虎丘区,虎丘区渔洋街7号2栋,4008550290,未获取,未获取,未获取,未获取,未获取,已获取,https://www.baidu.com/s?wd=苏州养老院名录+黄页,2026-07-27,来源：苏康养集团统一咨询热线;百度搜索AI总结
颐诚护理院,护理院,江苏省,苏州市,太仓市,未获取,未获取,未获取,未获取,未获取,未获取,未获取,未获取,https://www.suzhou.gov.cn/szsrmzf/lnrfw/202508/476cb4f084a64fef9beba78bdb551d7f.shtml,2026-07-27,太仓市9家开设临时照护服务的养老机构之一
颐乐护理院,护理院,江苏省,苏州市,太仓市,未获取,未获取,未获取,未获取,未获取,未获取,未获取,未获取,https://www.suzhou.gov.cn/szsrmzf/lnrfw/202508/476cb4f084a64fef9beba78bdb551d7f.shtml,2026-07-27,太仓市9家开设临时照护服务的养老机构之一
陆渡街道福利院,福利院,江苏省,苏州市,太仓市,未获取,未获取,未获取,未获取,未获取,未获取,未获取,未获取,https://www.suzhou.gov.cn/szsrmzf/lnrfw/202508/476cb4f084a64fef9beba78bdb551d7f.shtml,2026-07-27,太仓市9家开设临时照护服务的养老机构之一
中和（沙溪）护理院,护理院,江苏省,苏州市,太仓市,未获取,未获取,未获取,未获取,未获取,未获取,未获取,未获取,https://www.suzhou.gov.cn/szsrmzf/lnrfw/202508/476cb4f084a64fef9beba78bdb551d7f.shtml,2026-07-27,太仓市9家开设临时照护服务的养老机构之一
华鑫颐养护理院,护理院,江苏省,苏州市,太仓市,未获取,未获取,未获取,未获取,未获取,未获取,未获取,未获取,https://www.suzhou.gov.cn/szsrmzf/lnrfw/202508/476cb4f084a64fef9beba78bdb551d7f.shtml,2026-07-27,太仓市9家开设临时照护服务的养老机构之一
净慧护理院,护理院,江苏省,苏州市,太仓市,未获取,未获取,未获取,未获取,未获取,未获取,未获取,未获取,https://www.suzhou.gov.cn/szsrmzf/lnrfw/202508/476cb4f084a64fef9beba78bdb551d7f.shtml,2026-07-27,太仓市9家开设临时照护服务的养老机构之一
德慈护理院,护理院,江苏省,苏州市,太仓市,未获取,未获取,未获取,未获取,未获取,未获取,未获取,未获取,https://www.suzhou.gov.cn/szsrmzf/lnrfw/202508/476cb4f084a64fef9beba78bdb551d7f.shtml,2026-07-27,太仓市9家开设临时照护服务的养老机构之一
中德创新城医养中心,医养中心,江苏省,苏州市,太仓市,未获取,未获取,未获取,未获取,未获取,未获取,未获取,未获取,https://www.suzhou.gov.cn/szsrmzf/lnrfw/202605/5775180b98f5467aaf4b450be27c30a2.shtml,2026-07-27,2026年5月进入验收阶段，尚未正式运营
苏州和源护理院有限公司,护理院,江苏省,苏州市,吴中区,苏州市吴中区龙西路257号,0512-65682198,未获取,未获取,未获取,未获取,未获取,已获取,https://yanglao.mca.gov.cn/#/index/institutionList,2026-07-27,民办;医养结合;长护险定点;内设医疗机构;与医疗机构签约合作; 电话来自其他来源交叉匹配
苏州市吴中区横泾怡养护理院有限公司,护理院,江苏省,苏州市,吴中区,苏州市吴中区横泾街道尧太河路12号,0512-67377156,未获取,未获取,未获取,未获取,未获取,已获取,https://yanglao.mca.gov.cn/#/index/institutionList,2026-07-27,民办;医养结合;与医疗机构签约合作;郊区; 电话来自其他来源交叉匹配
苏州新源慧享福养老服务有限公司团结桥分公司,养老院,江苏省,苏州市,吴中区,苏州吴中区团结桥巷8号,未获取,未获取,未获取,未获取,未获取,未获取,未获取,https://yanglao.mca.gov.cn/#/index/institutionList,2026-07-27,城区;喘息服务;日托服务
苏州红日养老院,养老院,江苏省,苏州市,吴中区,吴中区胥口镇孙武路604号,13912644692,未获取,未获取,未获取,未获取,未获取,已获取,https://yanglao.mca.gov.cn/#/index/institutionList,2026-07-27,民办;医养结合;长护险定点;内设医疗机构;郊区;喘息服务; 电话来自其他来源交叉匹配
太保家园苏州护理院,护理院,江苏省,苏州市,吴中区,江苏省苏州市太湖街道昌谷街16号1幢3-6层,未获取,未获取,未获取,未获取,未获取,未获取,未获取,https://yanglao.mca.gov.cn/#/index/institutionList,2026-07-27,民办;医养结合;内设医疗机构;城区;喘息服务
江苏瑞颐养老产业发展有限公司,养老院,江苏省,苏州市,吴中区,苏州吴中经济开发区越溪街道吴中大道1190号,未获取,未获取,未获取,未获取,未获取,未获取,未获取,https://yanglao.mca.gov.cn/#/index/institutionList,2026-07-27,民办;医养结合;与医疗机构签约合作;城区
苏州瑞颐木渎养老有限公司,养老院,江苏省,苏州市,吴中区,江苏省苏州市吴中区木渎镇藏中路1419号,未获取,未获取,未获取,未获取,未获取,未获取,未获取,https://yanglao.mca.gov.cn/#/index/institutionList,2026-07-27,公建民营;农村
苏州瑞颐木渎护理院有限公司,护理院,江苏省,苏州市,吴中区,江苏省苏州市吴中区木渎镇藏中路1419号,0512-83878389,未获取,未获取,未获取,未获取,未获取,已获取,https://yanglao.mca.gov.cn/#/index/institutionList,2026-07-27,民办;医养结合;长护险定点;内设医疗机构;农村;喘息服务; 电话来自其他来源交叉匹配
苏州福星医疗养老产业集团有限公司吴中分公司,养老院,江苏省,苏州市,吴中区,苏州吴中区木渎镇宝带西路4789号,未获取,未获取,未获取,未获取,未获取,未获取,未获取,https://yanglao.mca.gov.cn/#/index/institutionList,2026-07-27,内设医疗机构;城区
苏州市吴中区临湖镇敬老院,敬老院,江苏省,苏州市,吴中区,江苏省苏州市吴中区临湖镇重才路1号,未获取,未获取,未获取,未获取,未获取,未获取,未获取,https://yanglao.mca.gov.cn/#/index/institutionList,2026-07-27,农村
苏州市吴中区甪直镇社会养老中心,养老院,江苏省,苏州市,吴中区,苏州市吴中区甪直镇淞浦路80号,未获取,未获取,未获取,未获取,未获取,未获取,未获取,https://yanglao.mca.gov.cn/#/index/institutionList,2026-07-27,内设医疗机构;与医疗机构签约合作;城区
苏州市吴中区香山街道敬老院,敬老院,江苏省,苏州市,吴中区,香山街道北塘路12号,未获取,未获取,未获取,未获取,未获取,未获取,未获取,https://yanglao.mca.gov.cn/#/index/institutionList,2026-07-27,公办;农村
苏州市吴中区社会福利中心,养老院,江苏省,苏州市,吴中区,苏州市吴中区越溪街道龙翔路369号,未获取,未获取,未获取,未获取,未获取,未获取,未获取,https://yanglao.mca.gov.cn/#/index/institutionList,2026-07-27,公办;医养结合;内设医疗机构;与医疗机构签约合作;城区
苏州市吴中区金庭镇敬老院,敬老院,江苏省,苏州市,吴中区,苏州市吴中区金庭镇金庭路100号,未获取,未获取,未获取,未获取,未获取,未获取,未获取,https://yanglao.mca.gov.cn/#/index/institutionList,2026-07-27,医养结合;内设医疗机构;与医疗机构签约合作;农村
苏州市吴中区香雪海花园老年公寓,养老院,江苏省,苏州市,吴中区,苏州市吴中区光福镇司徒庙旁,未获取,未获取,未获取,未获取,未获取,未获取,未获取,https://yanglao.mca.gov.cn/#/index/institutionList,2026-07-27,医养结合;与医疗机构签约合作;农村
苏州市姑苏区金阊老年公寓,养老院,江苏省,苏州市,姑苏区,姑苏区南浩街99号,未获取,未获取,未获取,未获取,未获取,未获取,未获取,https://yanglao.mca.gov.cn/#/index/institutionList,2026-07-27,公建民营;城区
苏州市姑苏区永鑫老年公寓,养老院,江苏省,苏州市,姑苏区,竹辉路252号,未获取,未获取,未获取,未获取,未获取,未获取,未获取,https://yanglao.mca.gov.cn/#/index/institutionList,2026-07-27,民办;医养结合;与医疗机构签约合作;城区
苏州市姑苏区大龙港银龄之家,养老院,江苏省,苏州市,姑苏区,苏州市南环西路大龙新村内综合楼,未获取,未获取,未获取,未获取,未获取,未获取,未获取,https://yanglao.mca.gov.cn/#/index/institutionList,2026-07-27,民办;医养结合;与医疗机构签约合作;城区
苏州市姑苏区颐养鑫家老年公寓,养老院,江苏省,苏州市,姑苏区,苏州市姑苏区三香路66号,未获取,未获取,未获取,未获取,未获取,未获取,未获取,https://yanglao.mca.gov.cn/#/index/institutionList,2026-07-27,民办;医养结合;内设医疗机构;与医疗机构签约合作;城区
苏州颐康三香老年公寓,养老院,江苏省,苏州市,姑苏区,苏州市姑苏区三香路168号,未获取,未获取,未获取,未获取,未获取,未获取,未获取,https://yanglao.mca.gov.cn/#/index/institutionList,2026-07-27,民办;医养结合;与医疗机构签约合作;城区;喘息服务
苏州市姑苏区夕阳红老年公寓,养老院,江苏省,苏州市,姑苏区,苏州市姑苏区宋仙洲巷61号,未获取,未获取,未获取,未获取,未获取,未获取,未获取,https://yanglao.mca.gov.cn/#/index/institutionList,2026-07-27,民办;医养结合;内设医疗机构;与医疗机构签约合作;城区
苏州市姑苏区平江街道老年公寓,养老院,江苏省,苏州市,姑苏区,卫道观前27号,未获取,未获取,未获取,未获取,未获取,未获取,未获取,https://yanglao.mca.gov.cn/#/index/institutionList,2026-07-27,公办民营;医养结合;与医疗机构签约合作;城区
苏州市姑苏区彩香老年公寓,养老院,江苏省,苏州市,姑苏区,江苏省苏州市姑苏区彩香二村公园内,未获取,未获取,未获取,未获取,未获取,未获取,未获取,https://yanglao.mca.gov.cn/#/index/institutionList,2026-07-27,公建民营;医养结合;与医疗机构签约合作;城区
苏州市姑苏区观前幸福养老院,养老院,江苏省,苏州市,姑苏区,蒲林巷10号,未获取,未获取,未获取,未获取,未获取,未获取,未获取,https://yanglao.mca.gov.cn/#/index/institutionList,2026-07-27,民办;医养结合;与医疗机构签约合作;城区
苏州市姑苏区银色家园老年公寓,养老院,江苏省,苏州市,姑苏区,苏州市姑苏区南环西路1258号,未获取,未获取,未获取,未获取,未获取,未获取,未获取,https://yanglao.mca.gov.cn/#/index/institutionList,2026-07-27,公办民营;医养结合;内设医疗机构;与医疗机构签约合作;城区
苏州优康养老院,养老院,江苏省,苏州市,姑苏区,苏州市姑苏区莫邪路北河沿5号（新湘苑公交站旁）,未获取,未获取,未获取,未获取,未获取,未获取,未获取,https://yanglao.mca.gov.cn/#/index/institutionList,2026-07-27,民办;内设医疗机构;与医疗机构签约合作;城区
苏州吴江盛泽爱心护理院,护理院,江苏省,苏州市,吴江区,苏州市吴江区盛泽镇盛坛路858号,0512-66570560,未获取,未获取,未获取,未获取,未获取,已获取,https://yanglao.mca.gov.cn/#/index/institutionList,2026-07-27,民办;医养结合;长护险定点;与医疗机构签约合作;城区; 电话来自其他来源交叉匹配
苏州市吴江区善贤乐龄养老服务中心,养老院,江苏省,苏州市,吴江区,苏州市吴江区苏州河路899号,未获取,未获取,未获取,未获取,未获取,未获取,未获取,https://yanglao.mca.gov.cn/#/index/institutionList,2026-07-27,公建民营;医养结合;内设医疗机构;城区;喘息服务;日托服务
苏州吴江怡养护理院,护理院,江苏省,苏州市,吴江区,苏州市吴江区江陵街道三兴路89号8幢,0512-67377156,未获取,未获取,未获取,未获取,未获取,已获取,https://yanglao.mca.gov.cn/#/index/institutionList,2026-07-27,公建民营;城区; 电话来自其他来源交叉匹配
苏州市苏康养平望护理院有限公司,护理院,江苏省,苏州市,吴江区,平望镇梅堰社区梅园路288号,未获取,未获取,未获取,未获取,未获取,未获取,未获取,https://yanglao.mca.gov.cn/#/index/institutionList,2026-07-27,公建民营;医养结合;长护险定点;内设医疗机构;农村
苏州市吴江区和瑞养老运营管理有限公司,养老院,江苏省,苏州市,吴江区,夏蓉街567号,未获取,未获取,未获取,未获取,未获取,未获取,未获取,https://yanglao.mca.gov.cn/#/index/institutionList,2026-07-27,民办;城区
苏州悦安护理院有限公司,护理院,江苏省,苏州市,吴江区,苏州市吴江区七都镇庙港大道1599号,未获取,未获取,未获取,未获取,未获取,未获取,未获取,https://yanglao.mca.gov.cn/#/index/institutionList,2026-07-27,公建民营;农村;喘息服务
苏州吴江汾湖瑞阳悦心护理院有限公司,护理院,江苏省,苏州市,吴江区,苏州市吴江区黎里镇汾湖园路289路,未获取,未获取,未获取,未获取,未获取,未获取,未获取,https://yanglao.mca.gov.cn/#/index/institutionList,2026-07-27,公建民营;医养结合;长护险定点;内设医疗机构;城区;日托服务
苏州市苏康养同里护理院有限公司,护理院,江苏省,苏州市,吴江区,苏州市吴江区同里镇屯村沐庄湖路188号,未获取,未获取,未获取,未获取,未获取,未获取,未获取,https://yanglao.mca.gov.cn/#/index/institutionList,2026-07-27,公建民营;医养结合;长护险定点;与医疗机构签约合作;农村;喘息服务
苏州永鼎护理院有限公司,护理院,江苏省,苏州市,吴江区,苏州市吴江区太湖新城吴江高新路1518号,13375160008,未获取,未获取,未获取,未获取,未获取,已获取,https://yanglao.mca.gov.cn/#/index/institutionList,2026-07-27,民办;医养结合;长护险定点;内设医疗机构;与医疗机构签约合作;城区; 电话来自其他来源交叉匹配
苏州人寿堂护理院有限公司,护理院,江苏省,苏州市,吴江区,苏州市吴江区盛泽镇颐年巷99号,未获取,未获取,未获取,未获取,未获取,未获取,未获取,https://yanglao.mca.gov.cn/#/index/institutionList,2026-07-27,公建民营;医养结合;长护险定点;内设医疗机构;与医疗机构签约合作;城区;喘息服务;日托服务
苏州吴江久爱护理院有限公司,护理院,江苏省,苏州市,吴江区,吴江经济技术开发区学院路南侧,未获取,未获取,未获取,未获取,未获取,未获取,未获取,https://yanglao.mca.gov.cn/#/index/institutionList,2026-07-27,民办;医养结合;长护险定点;内设医疗机构;城区
苏州吴江盛泽慈爱护理院,护理院,江苏省,苏州市,吴江区,苏州市吴江区盛泽镇兴桥村227省道北侧,未获取,未获取,未获取,未获取,未获取,未获取,未获取,https://yanglao.mca.gov.cn/#/index/institutionList,2026-07-27,民办;医养结合;长护险定点;内设医疗机构;郊区
苏州吴江惠生护理院,护理院,江苏省,苏州市,吴江区,江苏省苏州市吴江区松陵镇菀平社区创业路208-32号,未获取,未获取,未获取,未获取,未获取,未获取,未获取,https://yanglao.mca.gov.cn/#/index/institutionList,2026-07-27,民办;医养结合;内设医疗机构;与医疗机构签约合作;郊区;日托服务
苏州吴江苏康养和悦养老运营管理有限公司,养老院,江苏省,苏州市,吴江区,苏州市吴江区江陵街道庞金路东侧三兴路89号,未获取,未获取,未获取,未获取,未获取,未获取,未获取,https://yanglao.mca.gov.cn/#/index/institutionList,2026-07-27,公建民营;医养结合;与医疗机构签约合作;城区
苏州吴江流虹护理院,护理院,江苏省,苏州市,吴江区,苏州市吴江区松陵镇流虹路1200号,未获取,未获取,未获取,未获取,未获取,未获取,未获取,https://yanglao.mca.gov.cn/#/index/institutionList,2026-07-27,民办;医养结合;长护险定点;与医疗机构签约合作;城区;喘息服务